True_pIC50,Predicted_pIC50,Residual
8.638272163982407,7.844291404423894,0.7939807595585133
6.841637507904751,7.318711545725794,-0.4770740378210432
7.221848749616356,7.153969640967049,0.06787910864930691
7.327902142064283,6.942310195186807,0.3855919468774758
8.045757490560675,7.987371736917266,0.05838575364340848
5.214670164989233,4.806088255728804,0.4085819092604286
8.259637310505756,7.591878476631112,0.6677588338746441
5.240256632402275,7.203880252582843,-1.9636236201805684
7.585026652029182,7.013195873110484,0.5718307789186978
5.485452247339714,4.95752337029165,0.5279288770480637
5.446116973356126,6.744019713189358,-1.2979027398332317
4.820448208834812,6.669252372173108,-1.8488041633382952
6.788612447063142,6.857980645999876,-0.06936819893673452
6.045757490560675,6.861171569938322,-0.8154140793776472
7.154901959985743,6.757003140625012,0.3978988193607309
5.3872161432802645,5.959548359602286,-0.572332216322021
9.638272163982409,7.612691136597444,2.0255810273849644
7.494850021680094,6.293449082838349,1.2014009388417444
5.6020599913279625,7.735550239221251,-2.1334902478932882
7.749579997691106,8.049473513439983,-0.29989351574887646
6.055024091587953,7.0823584040354515,-1.0273343124474987
7.0,7.3048559481845565,-0.3048559481845565
5.346787486224656,5.336934423538371,0.009853062686285163
8.2518119729938,7.5502206823639275,0.7015912906298718
8.481486060122112,7.922194232569501,0.5592918275526113
9.0,7.625165873051997,1.374834126948003
9.09528445472132,7.669340188157097,1.4259442665642226
7.443697499232713,7.644054217532913,-0.20035671830019997
7.568636235841013,7.127827105538005,0.44080913030300817
7.958607314841775,7.108497098511902,0.850110216329873
8.301029995663981,8.314490431859719,-0.013460436195737557
8.795880017344075,7.903442113984008,0.8924379033600669
5.995678626217358,6.689048782237998,-0.6933701560206398
6.769551078621726,7.082535657889858,-0.3129845792681323
7.356547323513813,6.009034973758878,1.3475123497549353
6.337242168318426,6.5222243282860575,-0.1849821599676318
5.130000141365475,5.76272221129541,-0.632722069929935
8.154901959985743,6.954941594322446,1.199960365663297
7.086186147616283,7.549184715574203,-0.4629985679579196
6.47755576649368,6.420030046869788,0.05752571962389208
7.494850021680094,7.592821177963092,-0.09797115628299835
5.479516467259209,7.785744965589686,-2.3062284983304764
8.377785977033705,7.968947824908383,0.4088381521253215
7.373659632624958,6.864992738330759,0.5086668942941985
7.402085528797472,8.002214957198348,-0.6001294284008756
7.318758762624412,6.914683459873756,0.4040753027506563
5.242603971206977,6.388527727884675,-1.145923756677698
8.292429823902063,7.622903410746142,0.6695264131559213
7.481486060122113,5.497586864145208,1.983899195976905
7.078833949362261,7.59615730161787,-0.5173233522556089
6.301029995663981,7.83751277151042,-1.536482775846439
6.4089353929735005,6.308910591252141,0.10002480172135986
8.397940008672037,7.491594114095595,0.9063458945764422
5.197910742118268,5.736375178818945,-0.5384644367006768
5.2441251443275085,7.754095445750801,-2.5099703014232926
9.522878745280336,8.011644632000618,1.511234113279718
8.45001638884031,8.130287683080065,0.31972870576024626
6.507574887223914,6.6579315964753985,-0.1503567092514846
6.7544873321858505,6.031796031424806,0.7226913007610447
7.785156151952302,7.699996953218085,0.08515919873421662
7.193820026016113,8.044260991540986,-0.8504409655248724
8.259637310505756,7.788825839343093,0.470811471162663
9.0,7.4625614440363135,1.5374385559636865
8.312471038785366,7.6141011745669855,0.6983698642183809
7.113509274827518,6.625602253490246,0.4879070213372714
8.959793372425288,7.688010841580266,1.2717825308450221
8.200659450546418,7.842529433312758,0.3581300172336599
5.036684488613889,5.609156261848896,-0.5724717732350069
6.149997413907539,5.669565271223496,0.48043214268404366
6.986320302708808,6.795509502098102,0.19081080061070654
7.552841968657781,7.460444404686903,0.09239756397087717
4.346787486224657,5.34652019431938,-0.9997327080947231
4.575771929304021,4.7724505032645625,-0.19667857396054167
6.4089353929735005,8.231528655718837,-1.822593262745336
9.30102999566398,7.9562968439557755,1.344733151708204
6.384049948343598,6.97091501460764,-0.5868650662640418
6.173925197299174,5.699919333741292,0.4740058635578821
6.823908740944319,6.308528822559826,0.5153799183844923
8.431798275933005,7.889555126722594,0.5422431492104112
6.221848749616356,6.2974956241926305,-0.07564687457627439
8.045757490560675,7.968947824908383,0.07680966565229141
5.200659450546419,6.891180359394057,-1.6905209088476383
8.214670164989233,7.103055511483866,1.1116146535053666
7.795880017344075,7.8618615668903065,-0.06598154954623148
8.029978734171634,8.476748176114164,-0.4467694419425303
8.1331221856625,7.005194882657507,1.127927303004994
6.346787486224656,6.236034132517469,0.11075335370718697
6.366531544420414,5.819172963224544,0.5473585811958701
9.0,7.323431300211233,1.676568699788767
5.42021640338319,5.591247178333584,-0.17103077495039454
8.154901959985743,7.6176587724990314,0.5372431874867116
8.958607314841775,8.102415479986103,0.8561918348556716
5.301029995663981,7.672680241551708,-2.371650245887727
7.669586226650809,6.436573767236569,1.2330124594142404
6.6777807052660805,7.325596415017604,-0.6478157097515238
8.468521082957745,8.240482167164982,0.22803891579276225
7.498940737782249,6.344906908606126,1.1540338291761225
8.161150909262744,7.78652665495831,0.37462425430443425
8.522878745280337,7.762598043230782,0.7602807020495552
4.920818753952376,7.398890311106264,-2.4780715571538883
7.086186147616283,6.733158685708603,0.3530274619076801
7.0,6.830452118273484,0.16954788172651636
5.267606240177031,5.956685986480981,-0.6890797463039497
7.180456064458132,6.365269850392852,0.8151862140652799
5.022276394711152,5.162647381248896,-0.14037098653774382
8.059981844992336,7.08673422977915,0.9732476152131859
5.838631997765026,5.67364545486119,0.16498654290383552
8.397940008672037,7.889417288679255,0.5085227199927829
6.774690718274138,6.622015311502915,0.15267540677122238
6.161150909262745,6.925241202042607,-0.7640902927798621
6.107905397309519,3.9008772878464337,2.2070281094630855
5.175874166083451,5.24086985262876,-0.0649956865453083
9.318758762624412,7.000743582066141,2.3180151805582714
7.207608310501746,7.437587726861876,-0.22997941636013053
7.552841968657781,6.882584664998771,0.6702573036590094
7.080921907623926,7.193248762762525,-0.11232685513859852
6.116338564846383,7.704515829824793,-1.5881772649784098
8.096910013008056,7.987371736917266,0.10953827609078992
8.040958607678906,6.2273649847450425,1.8135936229338636
8.671620396561263,7.399502611556263,1.2721177850049994
6.43651891460559,6.212356874140977,0.22416204046461274
6.698970004336019,6.266955216284014,0.43201478805200466
9.356547323513812,8.746144097086953,0.6104032264268593
5.494850021680094,5.753740593521161,-0.258890571841067
5.175874166083451,5.2456965956094175,-0.06982242952596618
9.017728766960431,9.303485176590696,-0.28575640963026494
7.920818753952375,8.044791211091914,-0.12397245713953886
6.028260409112223,6.99358539790991,-0.9653249887976871
8.744727494896694,7.044306446259966,1.700421048636728
8.130181792020672,5.210707548349024,2.9194742436716474
4.904830648568245,5.158122253849886,-0.25329160528164074
7.698970004336019,7.551464339627689,0.14750566470832993
7.585026652029182,6.291435926188074,1.2935907258411081
8.404503778174426,8.54649213260969,-0.14198835443526292
7.346787486224656,7.564907735342985,-0.2181202491183294
7.681310730052254,7.916852087693088,-0.23554135764083384
7.67778070526608,6.846639862551318,0.8311408427147615
8.522878745280337,8.042260315659954,0.4806184296203835
7.045757490560675,7.157469257087763,-0.11171176652708859
6.0,6.50354301976909,-0.50354301976909
7.886056647693163,8.368620479603806,-0.48256383191064245
7.301029995663981,7.356862117819914,-0.05583212215593303
6.974694134735231,8.14012192362105,-1.165427788885819
7.222573177610689,7.368355183432589,-0.14578200582189993
6.027797161620936,5.90721111560007,0.12058604602086564
5.522878745280338,6.025620673560748,-0.5027419282804093
8.236572006437063,7.809363394147365,0.4272086122896983
6.590066876668706,6.367090223517055,0.22297665315165105
6.599807511407425,6.130350119729318,0.46945739167810707
7.236572006437063,7.500651683429607,-0.26407967699254353
7.769551078621726,5.934049731383123,1.835501347238603
6.494850021680094,7.530405207185695,-1.0355551855056015
7.920818753952375,7.436739573115589,0.4840791808367859
8.534617148551582,7.4834032255115925,1.05121392303999
6.327902142064283,6.610789651732823,-0.2828875096685399
6.437707135543525,6.509818308394564,-0.07211117285103885
7.349984047528162,8.105323801657207,-0.7553397541290447
4.339134521996131,6.400064770023102,-2.0609302480269704
6.725149679983336,7.231950737662909,-0.5068010576795725
4.215382707367125,6.440129777740797,-2.224747070373672
7.397940008672037,7.672493531840747,-0.2745535231687102
7.229147988357855,7.531161606925531,-0.30201361856767583
8.844663962534938,7.270637767149591,1.574026195385347
7.007888512213051,7.088216656830636,-0.0803281446175852
7.161150909262744,7.744479759716259,-0.5833288504535146
5.853871964321762,5.855905585495343,-0.0020336211735809684
8.0,7.463197669684508,0.5368023303154921
5.096367483915763,4.870381999819722,0.22598548409604113
4.853871964321763,5.6139067665655595,-0.7600348022437968
6.901010360598823,7.051595925092727,-0.1505855644939036
7.318758762624412,7.425958077062933,-0.10719931443852104
6.554084586048877,6.9131757397483815,-0.35909115369950495
8.698970004336019,7.592821177963092,1.1061488263729267
9.327902142064282,7.82783148413101,1.5000706579332723
5.982966660701219,5.833288491536169,0.1496781691650506
6.080921907623926,6.481517206221906,-0.40059529859798015
7.568636235841013,7.178988623076512,0.38964761276450144
7.455931955649724,7.132660139561376,0.3232718160883481
7.721246399047171,6.913067056184937,0.8081793428622337
8.698970004336019,7.822254584469485,0.8767154198665335
6.667359589612538,6.243217770860987,0.42414181875155066
7.986320302708807,7.463780688930908,0.5225396137778997
9.838631997765026,7.3984900403976,2.440141957367426
9.431798275933003,6.795744315723422,2.6360539602095816
7.148741651280925,6.286043235495786,0.8626984157851396
5.173925197299175,5.277435103455075,-0.10350990615590039
7.292429823902063,7.592821177963092,-0.3003913540610288
5.091514981121351,5.716375132374535,-0.6248601512531833
8.102372908709558,8.10168036744058,0.0006925412689788857
8.0,7.976498091418673,0.023501908581327058
5.492683959923586,5.22248292204163,0.2702010378819564
6.3872161432802645,6.3350856848778845,0.052130458402380064
5.167491087293764,6.41920874304357,-1.2517176557498058
5.92445303860747,5.106255416106615,0.8181976225008549
8.139661993429007,7.210109913537663,0.9295520798913435
7.236572006437063,7.148215931113104,0.08835607532395873
9.4089353929735,8.437782253596982,0.9711531393765185
8.221848749616356,7.736714417154299,0.4851343324620574
7.586700235918748,6.91740650404058,0.6692937318781684
5.347753658996677,5.527619122682573,-0.1798654636858963
6.801342913045577,7.3812545640420115,-0.5799116509964346
7.244125144327507,7.457824633279481,-0.2136994889519741
5.301029995663981,5.11918055867359,0.18184943699039113
8.136677139879545,7.844291404423894,0.2923857354556514
5.3979400086720375,7.844291404423894,-2.446351395751856
8.886056647693163,8.224413221769263,0.6616434259239004
6.6020599913279625,7.141398911143043,-0.5393389198150809
8.769551078621726,6.748990255115196,2.02056082350653
6.950781977329819,7.346329341483868,-0.3955473641540488
4.916497380169733,6.928306530069046,-2.011809149899313
6.362410214161301,6.561593740563073,-0.1991835264017725
9.431798275933003,7.827676803334193,1.60412147259881
5.552841968657781,6.745641125170406,-1.192799156512625
8.698970004336019,7.119276870184341,1.579693134151678
7.647817481888637,6.895017552928797,0.7527999289598402
4.327902142064283,6.017864537793304,-1.6899623957290215
7.259637310505756,6.981745047741461,0.27789226276429524
5.3979400086720375,4.759873694365846,0.6380663143061911
7.096910013008056,7.2627424553967534,-0.1658324423886972
7.008773924307505,7.422118118775518,-0.41334419446801274
6.282329496997738,7.051432895179415,-0.7691033981816773
5.190440285364733,4.398153741453274,0.7922865439114597
5.657577319177794,6.0463025247004065,-0.38872520552261225
7.167491087293763,7.663661892541087,-0.49617080524732327
8.886056647693163,7.130812714528759,1.7552439331644036
6.285670240254767,6.439164454313961,-0.15349421405919372
9.69897000433602,7.314963177886543,2.384006826449477
8.0,7.144497031894872,0.855502968105128
6.982966660701219,6.791405837890328,0.19156082281089137
8.221848749616356,8.096611537335992,0.12523721228036422
6.795880017344075,7.200190239508942,-0.4043102221648667
5.124360062995832,6.218742097439742,-1.0943820344439104
7.4089353929735005,6.791925817147161,0.6170095758263399
4.739928612014926,5.224444517847579,-0.48451590583265336
5.986025822979084,7.275242244650932,-1.2892164216718482
7.721246399047171,6.707368281513986,1.013878117533185
5.461426266193144,7.847052129388482,-2.3856258631953375
8.744727494896694,8.538963160163144,0.2057643347335496
8.318758762624412,7.786359636678221,0.5323991259461911
6.769551078621726,6.851289581313414,-0.08173850269168792
8.698970004336019,7.814880456149982,0.8840895481860365
6.045757490560675,7.0710877320301115,-1.0253302414694367
4.0,6.343837688941718,-2.3438376889417176
5.038578905933552,6.2513517284979025,-1.2127728225643502
4.0,4.3887513364008335,-0.3887513364008335
5.962573502059376,5.923063725457887,0.03950977660148958
7.602059991327962,6.605203131983599,0.996856859344363
4.727694155597914,5.08825292346735,-0.36055876786943664
5.92009553233328,7.844291404423894,-1.924195872090614
7.045516282844448,6.39218743565713,0.6533288471873187
8.42021640338319,7.547803561385673,0.8724128419975168
6.619788758288394,7.5490875209692625,-0.9292987626808689
8.920818753952375,6.7811427456258695,2.1396760083265054
5.651695136951839,5.806102739542134,-0.15440760259029496
4.022276394711152,4.670521261372955,-0.6482448666618028
4.0,6.75240205455114,-2.7524020545511396
4.744727494896694,5.418475577691502,-0.6737480827948072
7.318758762624412,7.221991707550143,0.09676705507426941
4.978810700930063,5.906316546594451,-0.9275058456643883
5.0,5.998741294036071,-0.9987412940360709
6.488116639021126,7.272157738396995,-0.7840410993758695
7.481486060122113,7.554948269484681,-0.07346220936256831
9.0,7.824620589221244,1.1753794107787563
8.446116973356126,7.238916136254899,1.2072008371012277
4.5528419686577815,7.167880642595784,-2.6150386739380025
8.236572006437063,7.457155481471504,0.7794165249655594
9.657577319177792,9.23450000233695,0.4230773168408408
5.552841968657781,6.5421893327538125,-0.989347364096032
8.770062314092065,7.066142096202189,1.703920217889877
9.0,7.257057993240512,1.7429420067594883
6.886056647693163,6.78506855538439,0.10098809230877315
4.732828271596987,4.8030014409448425,-0.07017316934785534
5.279014255846262,5.83824471413177,-0.5592304582855085
6.251811972993799,6.374616625750251,-0.12280465275645192
8.97469413473523,7.930678843543377,1.0440152911918537
7.255707016877324,8.286283805380519,-1.0305767885031951
8.92009553233328,7.030192194964394,1.8899033373688852
6.6280090885350855,6.383113030781924,0.24489605775316114
7.536107011014093,7.291011946766709,0.24509506424738436
7.537602002101044,7.005607891201851,0.531994110899193
5.141462802430361,5.473036393989239,-0.331573591558878
5.917214629683551,5.792828714294915,0.12438591538863619
5.091514981121351,5.600409157156522,-0.5088941760351711
4.70685851654907,5.568177084202748,-0.8613185676536785
7.193820026016113,7.35562251959815,-0.16180249358203636
7.00436480540245,6.922516168558893,0.08184863684355737
6.309803919971486,6.833379236253068,-0.5235753162815815
6.0,6.834664238704295,-0.8346642387042946
9.0268721464003,8.7553522010606,0.27151994533970125
6.139482322538254,6.321825972790987,-0.18234365025273291
5.46470587995723,6.077315866985303,-0.6126099870280726
7.443697499232713,7.402891695958141,0.04080580327457195
5.560667306169737,6.315464329038547,-0.7547970228688099
6.731422028117157,8.2875061227561,-1.556084094638944
8.050609993355087,7.627677275189668,0.422932718165419
4.656788409820253,4.799246713334417,-0.14245830351416444
6.958607314841775,7.684922185151813,-0.7263148703100386
8.366531544420413,6.599049526959442,1.7674820174609707
6.764471553092451,7.336330618053402,-0.5718590649609503
5.58838029403677,6.499459221718351,-0.9110789276815812
8.240030142445693,7.471714127095262,0.7683160153504316
8.154901959985743,7.451134672523073,0.7037672874626697
6.101274818410507,6.714552789004293,-0.6132779705937867
7.769551078621726,7.523601089748704,0.2459499888730221
9.013228265733757,9.303485176590696,-0.2902569108569395
5.886056647693163,6.711750738559066,-0.8256940908659027
6.154901959985743,7.074241704783165,-0.9193397447974219
5.642065152999546,5.4466325904578365,0.1954325625417095
6.832978204209743,7.448483587562237,-0.6155053833524935
5.657577319177794,8.400495236377333,-2.742917917199539
9.769551078621726,8.46679590160377,1.3027551770179553
4.657577319177794,5.394318472239593,-0.7367411530617991
5.040005161671584,6.521914759263125,-1.4819095975915406
6.946153573147748,6.682665225229549,0.26348834791819886
9.0,6.906353205895955,2.0936467941040453
8.920818753952375,8.247058655644873,0.6737600983075023
8.346787486224656,7.85172161834797,0.4950658678766864
8.700057099977233,6.58315111197611,2.1169059880011227
10.096910013008056,9.759533723884775,0.33737628912328077
3.5850266520291827,3.366481121211533,0.2185455308176496
5.578396073130169,5.061787304921297,0.5166087682088722
7.698970004336019,6.236261066078942,1.4627089382570766
6.013228265733755,5.761890545644599,0.2513377200891558
8.301029995663981,6.491557177833832,1.809472817830149
9.096910013008056,8.279885245456553,0.8170247675515032
8.102372908709558,7.522886381371197,0.5794865273383616
8.920818753952375,9.037397002890623,-0.11657824893824831
8.173925197299173,6.882769731464147,1.2911554658350264
7.493494967595128,6.961719886566243,0.5317750810288846
7.552841968657781,7.435662465847537,0.11717950281024336
6.673664139071249,6.683450976192246,-0.009786837120996594
7.055517327849831,6.967484660887009,0.08803266696282197
8.343901797987169,6.977670567123551,1.366231230863618
7.387216143280264,6.093566945257054,1.2936491980232097
8.045757490560675,7.697506722567657,0.3482507679930178
6.958607314841775,6.357132275491567,0.6014750393502073
9.30102999566398,8.013701125209513,1.2873288704544663
7.142667503568732,7.006646057046228,0.1360214465225038
8.2580609222708,7.046171784436799,1.2118891378340013
5.585026652029182,4.834780088840265,0.7502465631889166
7.619788758288394,7.513964072945491,0.10582468534290257
8.017728766960431,7.844291404423894,0.17343736253653752
6.698970004336019,5.802610425824421,0.8963595785115981
8.55284196865778,7.390130563737455,1.1627114049203255
5.411168274405793,5.4478148644428686,-0.03664659003707538
7.397940008672037,7.031396793344401,0.3665432153276358
7.443697499232713,7.574710828052802,-0.13101332882008876
7.070581074285707,5.154797778097065,1.9157832961886418
6.698970004336019,7.5393332124376675,-0.8403632081016488
6.87942606879415,6.915348517424713,-0.035922448630562265
5.863279432843593,5.7956601680393245,0.06761926480426883
7.958607314841775,6.873816511136215,1.0847908037055598
6.993962045002683,6.962583283512906,0.03137876148977714
3.079354998593213,3.3284924334340023,-0.24913743484078932
4.1598939055432425,7.351326781219935,-3.1914328756766928
4.867420152340263,7.224856470774866,-2.357436318434603
6.7447274948966935,6.849307593839073,-0.10458009894237907
5.278189384787455,6.11294183189243,-0.8347524471049752
7.013228265733755,6.780617173030724,0.2326110927030305
6.46470587995723,7.130075033717983,-0.6653691537607527
7.026872146400302,7.060992700690568,-0.034120554290266725
8.23807216157947,7.853977472939643,0.3840946886398271
7.142667503568732,7.904090266008625,-0.761422762439893
6.0,6.677681571602941,-0.6776815716029407
8.924453038607469,8.319190240310467,0.6052627982970016
7.908684840302778,7.831826924480931,0.07685791582184631
10.0,8.42043890370149,1.5795610962985105
7.769551078621726,7.515552952653077,0.253998125968649
8.326979092871104,8.397057790639073,-0.07007869776796838
7.455931955649724,6.9143135945278935,0.5416183611218308
5.050609993355088,5.316395172161533,-0.26578517880644537
7.744727494896694,7.4806793296263585,0.2640481652703359
6.732828271596986,7.844291404423894,-1.1114631328269073
7.67778070526608,6.857502272267915,0.8202784329981645
7.221848749616356,5.622540797292287,1.599307952324069
6.6020599913279625,6.813232480738354,-0.21117248941039168
7.326979092871104,7.003648251178358,0.32333084169274606
6.0,5.982866841573181,0.017133158426818618
10.142667503568733,7.237993403685821,2.9046740998829117
9.657577319177792,9.23450000233695,0.4230773168408408
4.8996294548824375,5.787379015178467,-0.8877495602960295
8.161150909262744,7.827321683595471,0.333829225667273
9.481486060122112,8.94247178555647,0.5390142745656412
7.958607314841775,8.02803707021754,-0.06942975537576501
5.1249387366083,6.491602257075491,-1.366663520467191
5.318758762624412,5.24213029641935,0.07662846620506247
9.167491087293763,7.023873396740067,2.1436176905536968
7.920818753952375,7.240676779413695,0.6801419745386799
6.671987561144414,6.294226664133562,0.3777608970108526
6.009998764965339,7.644195139082609,-1.6341963741172707
5.044745317179821,6.544688926921407,-1.4999436097415861
9.161150909262744,9.444546152148577,-0.28339524288583284
8.346787486224656,7.240481200792324,1.106306285432332
5.4685210829577455,7.853771435922434,-2.3852503529646887
5.4685210829577455,5.75520911969874,-0.2866880367409941
6.011441043121385,7.008631197659608,-0.9971901545382229
6.698970004336019,7.592821177963092,-0.8938511736270733
7.187086643357144,8.13677355450564,-0.9496869111484951
6.698970004336019,6.046136990999603,0.6528330133364157
7.769551078621726,6.789982277201793,0.9795688014199326
7.769551078621726,7.4503607308434345,0.31919034777829136
7.040958607678907,7.9511080244347365,-0.9101494167558295
9.69897000433602,8.507946728031557,1.1910232763044633
8.508638306165727,7.272496709833609,1.2361415963321178
7.486782399932061,7.162265895595915,0.3245165043361453
4.460923901207224,5.99807247143047,-1.5371485702232466
6.665546248849069,6.375625545751442,0.28992070309762763
8.886056647693163,8.335733569511532,0.5503230781816306
6.835052627378158,6.98474888121048,-0.14969625383232188
5.119186407719209,5.2513366545076625,-0.13215024678845388
5.130768280269024,7.70216101679361,-2.5713927365245866
5.384049948343598,5.22964430241534,0.15440564592825812
8.045757490560675,7.7722009870951805,0.2735565034654943
5.484536811626732,6.8354268793906625,-1.3508900677639302
6.229147988357856,4.676712049356255,1.552435939001601
8.481486060122112,6.4379556453092395,2.0435304148128726
6.657577319177793,6.327949552996321,0.3296277661814724
7.075720713938119,6.926123821442754,0.14959689249536456
6.3979400086720375,7.084855518550054,-0.6869155098780162
7.653647025549361,7.41093625883736,0.2427107667120012
5.524183586968682,5.877426821526717,-0.3532432345580343
9.657577319177792,9.16244575033744,0.4951315688403515
7.455931955649724,7.6480291492687345,-0.19209719361901012
6.049635145623878,6.789383030394416,-0.7397478847705381
6.148741651280925,6.0763814143677495,0.07236023691317595
7.560667306169737,7.361746840945224,0.19892046522451334
5.3872161432802645,6.519264843526506,-1.1320487002462416
6.555955204081924,8.240482167164982,-1.6845269630830586
5.979638717352293,8.0305634105075,-2.050924693155208
7.446116973356126,7.479335049415194,-0.033218076059067236
5.638272163982407,5.683816684478209,-0.04554452049580249
10.0,7.449150496744188,2.5508495032558116
9.045757490560677,8.135407866756445,0.9103496238042315
5.368556230986828,6.083744336278077,-0.715188105291249
4.795880017344076,7.996441341681649,-3.2005613243375732
8.481486060122112,7.877348586282763,0.6041374738393488
7.638272163982407,7.121293561990428,0.5169786019919789
8.522878745280337,9.039082271734848,-0.5162035264545111
8.045757490560675,7.198977984261422,0.8467795062992529
4.971022294791223,5.5461968848089915,-0.5751745900177685
8.017728766960431,7.315743519189712,0.7019852477707191
7.119186407719209,7.192021035563206,-0.07283462784399752
4.582528306796707,6.429845209241299,-1.8473169024445921
7.010016541698601,7.033202523004847,-0.02318598130624583
5.488116639021127,6.794824359922095,-1.3067077209009677
8.698970004336019,6.482690877089126,2.216279127246893
5.435333935747911,6.280738798572184,-0.8454048628242727
9.0,7.185348362543169,1.814651637456831
5.332080314682639,6.507474750572733,-1.1753944358900936
6.320572103387882,7.646094726343007,-1.3255226229551251
4.5528419686577815,6.016722909918123,-1.4638809412603413
7.221848749616356,6.688269323382951,0.5335794262334055
8.721246399047171,7.918219199628277,0.803027199418894
7.086186147616283,7.474067971123817,-0.3878818235075334
8.0268721464003,7.686762280150068,0.34010986625023243
5.638272163982407,6.450887003750576,-0.8126148397681687
8.657577319177793,8.328516817256116,0.3290605019216777
5.552841968657781,6.697671920262898,-1.144829951605117
5.224753740259764,4.293264903637141,0.9314888366226235
9.2839966563652,9.198784231999364,0.08521242436583698
8.0,7.4712606355609275,0.5287393644390725
5.080921907623926,6.551024458808288,-1.470102551184362
9.0,7.613547405251567,1.386452594748433
5.368556230986828,6.37384510502017,-1.0052888740333419
5.531652669587843,6.00154862471672,-0.4698959551288766
8.079981083971084,7.775783972283509,0.304197111687575
4.853871964321763,6.525172419005177,-1.671300454683414
9.154901959985745,9.303485176590696,-0.14858321660495122
5.271646217978772,5.14115559718141,0.13049062079736284
7.055517327849831,6.093316283650173,0.9622010441996576
7.522878745280337,7.218378234555844,0.3045005107244938
7.430626090384954,7.974290729843414,-0.5436646394584601
4.274905478918531,6.5550190957056635,-2.2801136167871325
10.0,7.641715273930916,2.3582847260690842
4.0,6.21892065956423,-2.2189206595642297
4.666351243485299,4.643425629797812,0.022925613687487356
5.764471553092451,5.453502087829386,0.31096946526306546
7.06198090252379,5.706571530243225,1.3554093722805653
7.522878745280337,7.433135752370845,0.08974299290949261
6.758204568704802,7.415023175152355,-0.6568186064475539
5.787812395596042,5.9909738619455,-0.2031614663494583
8.154901959985743,6.923796954823259,1.2311050051624841
7.889410289700751,7.752532127869921,0.1368781618308299
6.920818753952375,7.139272061447184,-0.2184533074948094
7.337242168318426,6.179637306995178,1.1576048613232475
4.414990720097539,5.367301842594844,-0.9523111224973047
6.351639989019069,6.613043794693096,-0.26140380567402666
8.356547323513812,7.874376114601567,0.48217120891224496
6.692503962086787,7.484025305505809,-0.7915213434190216
6.626389271687069,6.631381830702605,-0.004992559015535747
7.696803942579511,6.545562000900626,1.1512419416788857
5.119186407719209,7.486698613067029,-2.36751220534782
7.050609993355088,7.277137392213905,-0.226527398858817
7.638272163982407,7.844291404423894,-0.20601924044148667
6.3979400086720375,7.8184434974674675,-1.42050348879543
8.920818753952375,8.342108668311973,0.5787100856404024
8.0,8.009131096542461,-0.009131096542461137
7.568636235841013,7.513964072945491,0.054672162895522014
5.821023052706831,6.030534845279318,-0.20951179257248675
6.3979400086720375,6.500598693109696,-0.10265868443765847
6.832978204209743,7.48957498372493,-0.656596779515187
9.42021640338319,6.319636522635766,3.100579880747424
6.565431095965801,8.52784362561799,-1.9624125296521893
4.651695136951839,5.0651672557983805,-0.4134721188465411
6.6777807052660805,7.566460006253942,-0.888679300987862
6.0,6.591869144937111,-0.5918691449371112
6.309803919971486,7.26985584952485,-0.960051929553364
6.698970004336019,7.007985346772032,-0.30901534243601336
5.524764777395872,5.286350965600463,0.2384138117954091
4.636388020107856,6.3906002654229885,-1.7542122453151325
8.207608310501746,7.2027233400633754,1.0048849704383702
7.318125877871354,7.471666876979067,-0.15354099910771346
7.044793462458058,6.335747707585403,0.7090457548726548
8.522878745280337,7.258563284720432,1.2643154605599056
6.692503962086787,7.130713306383899,-0.43820934429711134
6.958607314841775,6.90835436605391,0.05025294878786468
7.469160221383479,7.586274392543541,-0.11711417116006206
9.100015437450608,7.17578643893321,1.924228998517398
7.465973893943865,7.273576196516259,0.19239769742760604
6.0,6.5045856358027745,-0.5045856358027745
9.397940008672036,9.324130743479442,0.0738092651925939
7.070581074285707,7.130328765991985,-0.059747691706277806
6.6777807052660805,7.192300998740892,-0.5145202934748117
6.962573502059376,7.226800168139831,-0.26422666608045464
8.698970004336019,8.450723582838933,0.2482464214970861
8.856985199745905,7.103055511483866,1.7539296882620388
7.443697499232713,6.866928622395459,0.5767688768372539
7.6307841425898575,7.350116914294384,0.2806672282954734
6.486782399932061,6.474240591548409,0.012541808383651265
5.408935392973501,5.653979260823802,-0.24504386785030086
7.4089353929735005,7.292160316741899,0.1167750762316011
8.823908740944319,7.592821177963092,1.2310875629812266
8.066512712151294,7.598289838294749,0.46822287385654526
8.346787486224656,7.79404797963509,0.5527395065895657
7.200659450546419,6.212861737735459,0.9877977128109601
7.723538195826756,7.445157441579758,0.2783807542469985
7.585026652029182,7.23100181523253,0.3540248367966514
5.1325325121409495,5.097591253908106,0.034941258232843886
5.337242168318426,5.526988357817306,-0.1897461894988801
8.087777943467584,8.04594773023685,0.04183021323073355
7.0,6.9229578549001864,0.07704214509981355
4.341988603342888,7.116844310450444,-2.774855707107556
7.229147988357855,7.06697314525351,0.1621748431043457
6.621602099051863,6.699503363343722,-0.07790126429185928
4.616903070050906,5.066843371887437,-0.44994030183653067
7.443697499232713,7.1762547128103344,0.26744278642237873
5.309803919971486,7.235722882126266,-1.92591896215478
8.920818753952375,7.605237695693984,1.315581058258391
8.342944147142896,7.611448529232136,0.7314956179107606
5.853871964321762,5.7082343421119495,0.14563762220981236
4.6197887582883945,4.701059673156212,-0.0812709148678179
7.356547323513813,7.231120025466395,0.12542729804741803
7.045757490560675,7.217499970773252,-0.17174248021257732
8.431798275933005,7.844291404423894,0.5875068715091114
8.154901959985743,7.820784533830009,0.3341174261557338
5.14086170270547,6.290657577655625,-1.1497958749501551
8.221848749616356,6.88842749808657,1.3334212515297859
8.698970004336019,7.456040374657565,1.2429296296784536
8.221848749616356,6.261234483728917,1.9606142658874388
6.368860749743189,7.803788243152659,-1.4349274934094698
7.744727494896694,7.703269749646531,0.041457745250163214
7.853871964321762,7.623526985469203,0.23034497885255867
8.958607314841775,6.740277078662204,2.218330236179571
8.09151498112135,8.021149938355865,0.07036504276548428
6.958607314841775,6.113725991186581,0.8448813236551933
6.175223537524454,7.409375831946486,-1.2341522944220316
7.045757490560675,6.97583017961521,0.06992731094546478
8.995678626217357,8.121534685636187,0.8741439405811704
4.614036429399303,5.483296021036558,-0.8692595916372552
8.823908740944319,8.238851727411769,0.5850570135325501
9.161150909262744,7.832317990609231,1.3288329186535135
6.845576026885354,7.613552637075149,-0.7679766101897956
4.076238039171301,6.014611828070104,-1.9383737888988035
8.259637310505756,8.038303812189064,0.22133349831669236
8.366531544420413,7.998349236909499,0.36818230751091363
5.269459963522881,5.981402833164987,-0.7119428696421055
8.075720713938118,6.20021497743679,1.875505736501328
2.8297382846050434,3.3292083448883303,-0.4994700602832869
9.161150909262744,8.882505244385067,0.2786456648776774
4.5421181032660085,6.001087531910957,-1.4589694286449486
6.978810700930062,6.4605254047151845,0.5182852962148772
4.124938736608301,4.2572242319379505,-0.13228549532964973
8.191114132640188,8.018129871562781,0.1729842610774064
6.135488918941609,7.191699717624861,-1.056210798683252
7.221848749616356,6.913162568735177,0.30868618088117916
5.283162276700476,6.487272501724546,-1.2041102250240705
7.00436480540245,7.193065071098726,-0.18870026569627552
7.705533773838407,7.121833980652098,0.5836997931863088
7.920818753952375,5.40303748156996,2.5177812723824147
8.0,7.1872513218482545,0.8127486781517455
9.681936665037238,6.558787244426611,3.123149420610627
8.481486060122112,7.6175335091085286,0.8639525510135835
5.1325325121409495,5.887965216689391,-0.7554327045484417
7.522878745280337,6.660304392885746,0.8625743523945912
6.187086643357144,5.6317341067178885,0.5553525366392558
7.97798426018228,6.848287248900672,1.1296970112816087
5.163486001109328,6.570304986170678,-1.4068189850613493
6.1598939055432425,6.530847554192905,-0.37095364864966296
9.397940008672036,7.187196750941724,2.2107432577303117
7.698970004336019,5.991541462515508,1.7074285418205104
6.639993867770902,4.790652534454688,1.8493413333162136
4.8996294548824375,6.554517764730179,-1.6548883098477418
9.69897000433602,7.827321683595471,1.8716483207405492
7.244125144327507,7.08682222263654,0.1573029216909667
7.872247484167027,7.717399665691402,0.15484781847562523
6.0,6.164380917078814,-0.1643809170788142
7.795880017344075,6.889955181500145,0.9059248358439298
8.301029995663981,6.52156441533648,1.7794655803275017
7.393618634889395,7.496947474995732,-0.1033288401063368
5.265200170411154,5.919420660404101,-0.6542204899929471
8.397940008672037,7.535486738230417,0.8624532704416206
6.393618634889395,7.638435442329438,-1.244816807440043
8.154901959985743,7.80581753879909,0.34908442118665306
8.4089353929735,7.7551065528777325,0.6538288400957679
4.69897000433602,5.6178684376028105,-0.9188984332667909
5.326979092871104,5.05228692053966,0.27469217233144416
7.230622673923862,7.180024028583254,0.05059864534060754
8.387216143280265,6.9014509343292865,1.485765208950978
4.886056647693164,7.02988239403916,-2.143825746345996
5.8399999311187,6.003308742288167,-0.1633088111694665
5.853871964321762,7.112595455384219,-1.2587234910624572
4.245804611810162,6.916644912920135,-2.6708403011099726
7.100179497572904,6.776041023448813,0.3241384741240907
4.184422251675733,5.571545564801893,-1.3871233131261596
7.0655015487564325,6.629302937520164,0.4361986112362688
4.508638306165728,7.567812163273841,-3.059173857108113
8.045757490560675,8.314816399906055,-0.26905890934538057
5.273272790973428,5.78627045039348,-0.5129976594200523
5.682145510668531,7.187087841180661,-1.5049423305121303
7.327902142064283,6.599193658759617,0.7287084833046658
4.346787486224657,7.3002239448183035,-2.9534364585936466
7.886056647693163,7.634083810348718,0.25197283734444476
4.17979854051436,5.03468174960065,-0.8548832090862897
9.379968104873702,8.11384724615227,1.2661208587214325
5.573488738635425,5.8131493838855155,-0.23966064525009045
7.477425367308824,7.82048995907326,-0.3430645917644366
6.991399828238083,5.934060206869969,1.057339621368114
8.823908740944319,7.479611519667876,1.3442972212764426
4.334419008982047,6.2304018146968705,-1.8959828057148238
5.414539270491499,5.738096363294867,-0.32355709280336775
4.6252516539898965,6.256851975849826,-1.6316003218599295
7.197910742118268,6.980783054489623,0.2171276876286452
5.200659450546419,6.477532696849804,-1.276873246303385
7.888401475119606,7.897654390773087,-0.009252915653481075
7.142667503568732,7.704051033848223,-0.5613835302794907
8.455931955649724,7.827684476242971,0.6282474794067534
7.823908740944319,8.240482167164982,-0.41657342622066373
7.698970004336019,7.968947824908383,-0.26997782057236464
6.795880017344075,6.3191692450772585,0.47671077226681646
7.376750709602099,7.350575900844434,0.026174808757665424
4.674074044228534,6.216899602396705,-1.542825558168171
5.113509274827518,6.282333609574156,-1.1688243347466383
4.259637310505757,5.975984090594105,-1.7163467800883483
6.301029995663981,6.418945521988053,-0.11791552632407143
5.229147988357856,7.935268817887537,-2.706120829529681
7.585026652029182,6.261234483728917,1.3237921683002645
6.122455892284057,7.088326246368038,-0.9658703540839815
4.465339424171556,7.00825955153697,-2.542920127365414
7.853871964321762,7.908514989522416,-0.05464302520065445
6.853871964321762,6.109768255981893,0.7441037083398685
6.292429823902064,7.089421023999628,-0.7969912000975636
9.060480747381382,7.4392412106695724,1.6212395367118093
6.474955192963155,6.062429006825611,0.4125261861375442
5.017728766960432,6.930453608086982,-1.9127248411265496
9.958607314841776,7.6526479400654,2.3059593747763767
8.017728766960431,8.03270159533832,-0.014972828377889158
7.924453038607469,7.529994949801834,0.39445808880563504
8.18495382393537,7.066924202982319,1.1180296209530507
7.017728766960432,7.0583353308769325,-0.04060656391650053
8.301029995663981,8.428501558565765,-0.12747156290178374
7.022276394711152,7.980516721811906,-0.9582403271007536
4.849999859991125,6.6950222981210326,-1.8450224381299076
6.728390698621168,6.275694574933848,0.4526961236873204
8.721246399047171,7.8121667666853964,0.9090796323617747
7.154901959985743,6.582309931800181,0.5725920281855617
8.481486060122112,7.032256557769836,1.449229502352276
7.927382523454764,7.331665556117907,0.5957169673368563
5.673664139071249,7.252456808898936,-1.5787926698276866
8.619788758288394,8.258670504646894,0.3611182536415001
4.0,4.588044607365842,-0.5880446073658421
6.522878745280337,7.759762553603814,-1.2368838083234763
8.212539525481585,6.23621321368193,1.9763263117996548
7.008773924307505,7.398194215826939,-0.3894202915194338
4.2441251443275085,5.493774783357178,-1.2496496390296699
8.508638306165727,7.238982070324344,1.2696562358413832
8.3767507096021,7.424450337388759,0.9523003722133403
4.8458804744841535,6.845853681687993,-1.9999732072038396
6.879097182385474,6.887960555216506,-0.008863372831032557
5.724688645458189,6.93595724692334,-1.211268601465151
6.114638779968488,5.493366487359435,0.6212722926090537
5.959999285526681,7.000235269755741,-1.04023598422906
8.920818753952375,8.335595897336658,0.5852228566157169
7.15002808767115,5.673613993578664,1.476414094092486
7.522878745280337,6.682623532104499,0.8402552131758387
5.573488738635425,5.60331296360126,-0.029824224965834922
9.221848749616356,6.915093785207052,2.306754964409304
6.962573502059376,7.128515261482061,-0.16594175942268485
8.387216143280265,7.884095662347627,0.5031204809326377
5.958607314841776,5.717465081489645,0.24114223335213136
4.17979854051436,5.48195113359893,-1.3021525930845694
5.642065152999546,5.813255576704705,-0.17119042370515913
7.008773924307505,7.653862724983596,-0.6450888006760911
7.167491087293763,6.838609595897797,0.32888149139596656
8.508638306165727,7.011797414863898,1.4968408913018285
3.647817481888637,3.8061834406768265,-0.1583659587881896
6.903089986991944,7.304224149496809,-0.40113416250486544
6.698970004336019,6.219022958162884,0.4799470461731348
8.721246399047171,8.240482167164982,0.48076423188218875
5.060480747381382,6.096271440452705,-1.0357906930713234
7.724688645458189,5.980776839826982,1.7439118056312068
5.943095148663527,6.504200856801529,-0.561105708138002
5.455931955649724,7.17427415540105,-1.7183421997513255
7.496209316942819,6.160454694719881,1.3357546222229377
7.853871964321762,7.22070476376182,0.6331672005599422
7.920818753952375,6.521453624875588,1.399365129076787
6.920818753952375,7.5349762916393175,-0.6141575376869426
6.935916564036404,6.9437649862148705,-0.007848422178466485
9.154901959985745,7.272879995409835,1.8820219645759098
8.0,7.851198983824966,0.14880101617503438
7.769551078621726,6.474794195692325,1.2947568829294012
7.744727494896694,7.5020806265300415,0.24264686836665295
7.982966660701219,8.00708787597135,-0.024121215270131557
8.772113295386326,8.54649213260969,0.2256211627766369
4.090443970758825,6.149385047336279,-2.0589410765774545
7.537602002101044,7.4832832491506975,0.05431875295034683
5.274905478918532,7.57589931982613,-2.300993840907598
9.69897000433602,7.965130420153056,1.7338395841829648
9.0,7.52717618886356,1.4728238111364398
8.045757490560675,6.81558803184475,1.2301694587159249
8.42021640338319,7.697506722567657,0.7227096808155329
8.096910013008056,7.286625262653036,0.8102847503550201
4.769551078621726,5.040619558612471,-0.27106847999074546
4.920818753952376,4.618085807815415,0.30273294613696056
5.689604105989774,8.333092899140034,-2.6434887931502598
6.0,7.10182159843255,-1.10182159843255
9.481486060122112,8.844800591295424,0.6366854688266876
9.142667503568733,8.632007613911497,0.5106598896572354
8.522878745280337,7.08459216579286,1.4382865794874773
6.388276691992658,6.764326026967938,-0.3760493349752796
7.853871964321762,6.942176156953831,0.9116958073679307
5.209714835966759,5.754492973354765,-0.5447781373880058
4.841637507904751,7.530769761751838,-2.689132253847087
7.397940008672037,8.128214656504786,-0.7302746478327498
5.552841968657781,5.075970405555016,0.47687156310276446
7.301029995663981,7.650862811386082,-0.3498328157221007
8.700057099977233,8.240482167164982,0.4595749328122505
5.716698771296451,6.098684623400046,-0.38198585210359504
5.956637721978871,7.075544905291565,-1.118907183312694
7.251811972993799,7.4186719640881,-0.1668599910943005
5.552841968657781,6.521566481960548,-0.9687245133027673
7.161150909262744,7.509622269665316,-0.34847136040257176
6.718966632752273,6.363334045155288,0.35563258759698435
8.259637310505756,7.397341523992628,0.862295786513128
8.0,7.365109755922025,0.6348902440779751
6.99012436628784,6.8876400455035025,0.10248432078433733
7.657577319177793,6.8355409198980865,0.8220363992797068
5.910448117113546,6.763502641723232,-0.8530545246096857
7.537602002101044,9.027760166915384,-1.4901581648143392
6.638272163982407,6.9995320399078285,-0.3612598759254215
8.259637310505756,7.59238391365834,0.6672533968474159
7.619969752032169,7.57840142829537,0.04156832373679897
5.958607314841776,5.889346525545782,0.06926078929599466
9.443697499232712,6.681047439538057,2.7626500596946553
6.411168274405792,7.323378809670063,-0.9122105352642711
5.366531544420414,5.789661877260983,-0.4231303328405689
5.204954629578875,7.029549675621095,-1.8245950460422202
5.2441251443275085,7.555740487377607,-2.3116153430500983
8.301029995663981,7.943866773095483,0.35716322256849864
5.779891911959945,5.24086985262876,0.5390220593311854
5.180456064458132,7.320299947804292,-2.1398438833461606
7.026872146400302,7.583657752196212,-0.55678560579591
6.040958607678906,5.984819604851184,0.056139002827721995
8.017728766960431,7.567893629522368,0.4498351374380629
5.055517327849831,6.5900168205810745,-1.5344994927312436
7.585026652029182,7.879540094669763,-0.2945134426405813
6.764471553092451,6.951837117391842,-0.187365564299391
7.367542707815276,7.407964392427064,-0.04042168461178797
8.698970004336019,8.501531460019011,0.19743854431700747
6.267606240177031,7.7288270016339675,-1.4612207614569366
6.586700235918748,7.278330296825389,-0.6916300609066406
8.301029995663981,7.553838258248034,0.7471917374159469
4.90587840415944,5.0080073709150845,-0.10212896675564487
6.427476902150362,7.037978941749775,-0.610502039599413
6.375717904164333,7.677088726011288,-1.3013708218469553
6.740000204918113,4.783456362532747,1.9565438423853658
5.462180904926727,5.74980228744537,-0.2876213825186422
7.200659450546419,7.693313206530693,-0.4926537559842741
4.721246399047172,6.0763814143677495,-1.3551350153205775
6.782779344355482,6.845202469918352,-0.06242312556287022
6.686554629573586,6.712501626848914,-0.025946997275327455
9.10790539730952,8.705357443383924,0.4025479539255947
6.022276394711152,6.7721234887241595,-0.7498470940130071
4.533785052670012,5.53984493496586,-1.0060598822958475
6.335358024443875,7.98391539391428,-1.6485573694704057
9.18045606445813,7.17262872438375,2.007827340074381
5.301029995663981,5.779653285077509,-0.4786232894135276
6.619788758288394,5.941921478380805,0.6778672799075887
7.005330978174471,7.18769076567151,-0.18235978749703907
5.764471553092451,5.340318262226868,0.4241532908655836
8.51999305704285,6.959292803776273,1.5607002532665772
8.67778070526608,6.223555515940178,2.4542251893259026
7.600326278518962,7.532513346556376,0.06781293196258531
8.346787486224656,8.36492692036678,-0.0181394341421246
5.8510890068906445,8.542979950882007,-2.6918909439913623
4.985059650207064,6.307727278372067,-1.3226676281650027
6.815308569182402,7.121053331016645,-0.3057447618342435
9.744727494896694,8.633695350510857,1.1110321443858364
6.0343280287798935,7.513372697837172,-1.479044669057279
7.318758762624412,7.502588283067629,-0.18382952044321677
6.619788758288394,6.5705570947056655,0.049231663582728125
8.0,7.851198983824966,0.14880101617503438
6.377785977033705,7.513372697837172,-1.1355867208034676
8.080921907623926,7.558964990609308,0.5219569170146183
7.744727494896694,8.199702982568803,-0.45497548767210905
8.154901959985743,6.643754723446997,1.5111472365387462
7.036212172654444,7.916243972735664,-0.8800318000812197
6.297569463554475,7.536413479153925,-1.23884401559945
8.1249387366083,6.739089386995023,1.3858493496132773
6.694004117229195,7.852046561387693,-1.1580424441584984
9.161150909262744,8.390629671343625,0.7705212379191195
9.30102999566398,8.971136724138999,0.3298932715249805
5.681936665037238,4.74980785284631,0.9321288121909284
7.473660722610156,7.1614802250411715,0.3121804975689848
5.102757897194636,6.656474698173975,-1.5537168009793385
8.10790539730952,7.321128123652653,0.7867772736568659
7.920818753952375,8.14752005867737,-0.22670130472499572
9.327902142064282,7.846805211681807,1.481096930382475
4.522878745280338,6.13744515694654,-1.6145664116662015
7.343518484209501,7.895488727364285,-0.5519702431547833
6.376750709602099,6.517109161568039,-0.1403584519659402
8.259637310505756,7.641832992841626,0.6178043176641301
5.823908740944319,7.635053822774932,-1.8111450818306132
8.522878745280337,7.661372037788111,0.861506707492226
9.669586226650807,7.07064057794426,2.5989456487065477
8.260032303240491,7.758961427946325,0.5010708752941664
9.169411331314857,6.680013278443125,2.4893980528717314
7.091514981121351,6.557276234715524,0.5342387464058271
6.416801226031378,7.350116914294384,-0.933315688263006
6.053547734986927,6.3374298495837085,-0.28388211459678114
8.221848749616356,6.9311979606711365,1.2906507889452197
6.801342913045577,7.203756437829334,-0.402413524783757
5.043831569524637,5.758866871082879,-0.7150353015582418
8.366531544420413,8.32429204793531,0.04223949648510228
8.494850021680094,8.703378851713381,-0.2085288300332877
8.09474395125155,7.865114264661529,0.22962968659002048
8.468521082957745,8.089566467585025,0.3789546153727201
7.742321425130815,8.80325459283269,-1.0609331677018758
7.275724130399211,7.138938673569158,0.1367854568300526
8.410050398674292,7.525561946405386,0.884488452268906
7.186419011431808,7.342069541276782,-0.15565052984497374
6.4399976732266335,4.790652534454688,1.6493451387719453
5.886056647693163,7.3506083625131025,-1.4645517148199394
5.161150909262745,6.932141730336911,-1.7709908210741654
8.154901959985743,7.730209775233939,0.42469218475180437
7.504455662453552,5.482647277258,2.021808385195552
5.648783654660658,7.750753607494071,-2.1019699528334126
6.8827287043442364,6.6266184408298265,0.2561102635144099
7.193820026016113,6.274753480184201,0.919066545831912
5.958607314841776,6.758204690392445,-0.7995973755506682
5.730487055782084,6.425812559602934,-0.6953255038208503
6.443697499232712,7.1666653806790395,-0.7229678814463272
4.607654844638796,4.954653889442969,-0.3469990448041722
6.0,6.055656950728966,-0.055656950728965704
7.455931955649724,6.9478871145963295,0.5080448410533949
9.275724130399212,9.154850818307954,0.12087331209125729
6.823908740944319,6.639425340020364,0.18448340092395465
4.2518119729938,5.682436057670956,-1.4306240846771558
4.769999911123513,5.441582464674741,-0.6715825535512279
5.287350298372789,5.650121802895769,-0.36277150452298024
8.698970004336019,8.06178741111681,0.6371825932192081
6.037157318798758,8.283705525443969,-2.246548206645211
7.772113295386326,7.260048973527436,0.5120643218588903
7.920818753952375,7.482437159307465,0.4383815946449099
8.657577319177793,7.6601369276822915,0.9974403914955019
10.154901959985745,6.778425916651422,3.376476043334323
7.301029995663981,7.858906073005153,-0.557876077341172
5.0655015487564325,6.166316300763789,-1.1008147520073566
8.430041181903405,7.533640122607156,0.8964010592962497
5.36251027048749,5.70502256854561,-0.34251229805812056
10.522878745280336,7.684614635819473,2.8382641094608623
7.795880017344075,8.377421102660898,-0.5815410853168235
4.584025588623435,5.615185267710849,-1.0311596790874145
9.154901959985745,7.864115838703614,1.2907861212821308
7.070581074285707,7.322836848772769,-0.25225577448706193
5.171340103464681,5.083932889733948,0.08740721373073335
7.744727494896694,6.951609675446293,0.7931178194504014
6.945004138470859,7.442315408181091,-0.49731126971023265
6.585026652029182,5.130693526093007,1.4543331259361745
5.987584625237568,6.549664463130466,-0.562079837892898
5.85078088734462,8.01085283235029,-2.1600719450056696
5.740000204918113,5.800117805515239,-0.060117600597125787
9.154901959985745,8.714600950848965,0.44030100913678005
8.096910013008056,7.403382820385172,0.6935271926228843
6.356547323513813,6.46540430400842,-0.10885698049460668
6.183361055101539,6.233056293237747,-0.04969523813620835
7.267606240177032,7.218976728705325,0.0486295114717068
5.6401645176601125,7.282726960458887,-1.6425624427987744
5.991399828238083,6.491158709660896,-0.4997588814228129
6.058985756294431,7.403592620471311,-1.34460686417688
8.823908740944319,8.258670504646894,0.5652382362974251
7.744727494896694,7.201746515626168,0.542980979270526
7.458420756053419,8.105769092831586,-0.6473483367781672
3.945770090136602,6.140374647791873,-2.194604557655271
7.67778070526608,7.555801825220268,0.1219788800458117
7.070581074285707,6.886134065189619,0.1844470090960879
8.040958607678906,7.885387197898662,0.15557140978024453
5.0,6.479805341199873,-1.4798053411998726
7.166215625343521,7.149283031466714,0.01693259387680701
4.0,4.726690667536659,-0.7266906675366593
6.974694134735231,5.002545681370574,1.9721484533646576
4.5502131530142265,5.423427781084156,-0.8732146280699293
8.0268721464003,5.538544810532011,2.4883273358682896
5.721246399047171,6.451811387233684,-0.7305649881865133
7.1249387366083,7.410633162645761,-0.28569442603746076
6.7281583934635005,7.672440156139625,-0.9442817626761242
5.686132779630847,6.175044344450422,-0.488911564819575
7.720333055951545,8.240482167164982,-0.5201491112134375
7.494850021680094,7.239344977525274,0.25550504415481967
2.920818753952376,4.944374758050043,-2.0235560040976672
9.397940008672036,8.087548301335628,1.3103917073364073
6.552841968657781,8.538963160163144,-1.9861211915053634
7.962573502059376,7.6502431021914585,0.31233039986791766
8.154901959985743,8.164534660150109,-0.00963270016436546
5.787812395596042,5.702000674629269,0.08581172096677303
8.096910013008056,7.538767674034147,0.5581423389739095
3.647817481888637,3.875045192405519,-0.2272277105168823
9.022276394711152,6.604317941324155,2.4179584533869978
5.568636235841013,7.16967899206616,-1.601042756225147
4.327902142064283,7.128457107366445,-2.8005549653021617
7.804100347590767,6.905991493710275,0.8981088538804922
8.193820026016112,8.137619206794437,0.05620081922167586
7.586365002801444,7.525348856000267,0.06101614680117695
6.423658649794207,7.329790034536916,-0.9061313847427082
7.047691990337875,7.200082348086472,-0.15239035774859655
6.85078088734462,8.17766330876428,-1.3268824214196604
7.182897595743077,6.781988742681673,0.400908853061404
7.136677139879544,7.3175715745098975,-0.18089443463035337
5.821023052706831,6.1581457176442225,-0.3371226649373913
9.69897000433602,7.982949059085399,1.7160209452506212
7.568636235841013,7.23452471551573,0.33411152032528335
6.060480747381382,7.074902565043176,-1.0144218176617938
7.494850021680094,7.321405898221102,0.1734441234589914
9.036212172654444,6.794912571669844,2.2412996009846005
6.229147988357856,6.186086557019832,0.04306143133802465
4.918292729902651,6.049674191907858,-1.1313814620052067
3.778846678045295,6.567868121171122,-2.7890214431258267
5.823908740944319,8.33242820509603,-2.5085194641517106
6.468521082957745,6.997789737378997,-0.5292686544212524
8.853871964321762,7.488004222127388,1.3658677421943741
6.517126416391246,7.7493339487074335,-1.2322075323161874
8.096910013008056,7.401307265641146,0.6956027473669106
6.0,6.8932497616560235,-0.8932497616560235
8.522878745280337,7.816143750110384,0.7067349951699535
7.585026652029182,6.154837980038452,1.43018867199073
6.388276691992658,7.054120265350042,-0.6658435733573835
7.054039296422431,7.114790106179237,-0.060750809756806134
6.337242168318426,6.850636981484894,-0.5133948131664683
7.716698771296451,7.974290729843414,-0.25759195854696326
5.142667503568732,6.0560970507988285,-0.9134295472300966
6.209714835966759,7.383030928881011,-1.173316092914252
7.113509274827518,5.462719038591545,1.6507902362359728
9.397940008672036,8.829741556929344,0.5681984517426919
7.301029995663981,7.077316230893941,0.22371376477004024
8.443697499232712,7.667302334581049,0.7763951646516629
8.698970004336019,7.213797620955328,1.4851723833806911
7.853871964321762,7.083047975867327,0.7708239884544348
3.096910013008057,4.031377396875143,-0.9344673838670863
7.698970004336019,5.317521891877001,2.381448112459018
6.0,4.075048078201393,1.9249519217986073
7.301029995663981,7.153969640967049,0.14706035469693202
5.045757490560675,6.358268328240119,-1.3125108376794445
5.6020599913279625,6.226856309810128,-0.6247963184821659
7.744727494896694,7.894231927098634,-0.14950443220193943
9.0,7.002398336579229,1.9976016634207712
7.091514981121351,7.417140214386337,-0.3256252332649856
6.337242168318426,6.799857125355444,-0.46261495703701794
8.0,7.122298929610833,0.8777010703891666
5.928117992693875,6.265339110126508,-0.33722111743263294
8.050609993355087,6.745459786668182,1.3051502066869052
7.958607314841775,7.125453157563295,0.8331541572784795
7.681936665037238,8.240482167164982,-0.5585455021277443
7.167491087293763,7.104865681450005,0.06262540584375831
6.568636235841012,6.608932282340062,-0.04029604649904961
6.892790030352132,7.7961714961642,-0.9033814658120676
8.193820026016112,7.293512793017519,0.9003072329985935
9.30102999566398,8.240482167164982,1.060547828498997
8.568636235841012,7.873484556380036,0.6951516794609764
6.990549104201307,7.316916446850598,-0.32636734264929146
4.657577319177794,5.694658195026884,-1.0370808758490897
7.185086818724926,6.159441394447387,1.0256454242775392
6.769551078621726,7.689291585488504,-0.9197405068667779
4.060480747381382,3.4417926323304253,0.6186881150509564
9.327902142064282,5.492142852583743,3.8357592894805395
8.236572006437063,8.018581295430739,0.2179907110063244
2.6575773191777943,5.368342178317771,-2.710764859139977
7.853871964321762,7.482731649904141,0.3711403144176204
5.083546051450076,5.7457590445889775,-0.6622129931389011
6.0,7.546849077649196,-1.5468490776491963
6.58838029403677,7.1726328256205045,-0.5842525315837346
6.0,6.098248552935985,-0.09824855293598489
6.443697499232712,7.094410755624719,-0.6507132563920068
6.920818753952375,6.560854772167595,0.3599639817847802
9.638272163982409,9.00023288564862,0.6380392783337889
8.096910013008056,7.187812705891497,0.9090973071165589
6.498776367194819,6.18069129067261,0.31808507652220896
5.769551078621726,5.853987405450167,-0.08443632682844093
6.91721462968355,7.862488827752639,-0.9452741980690886
5.366531544420414,6.738042900065101,-1.371511355644687
5.801342913045577,5.7082343421119495,0.09310857093362745
6.838033383635926,6.432531364831554,0.40550201880437164
6.925549281045409,6.6851648839044335,0.24038439714097581
4.0,5.8014736583450155,-1.8014736583450155
4.0,6.781745074414651,-2.7817450744146512
6.148741651280925,6.190822435971944,-0.04208078469101828
6.6401645176601125,7.6579622781102925,-1.01779776045018
5.115204636051019,6.9524102759070185,-1.8372056398559993
7.045757490560675,7.276761065175658,-0.23100357461498344
8.221848749616356,7.066129513261014,1.155719236355342
7.698970004336019,6.779357320802676,0.9196126835333427
9.299988937677888,8.725992265463208,0.5739966722146796
5.312471038785366,7.44057124403325,-2.1281002052478835
6.096910013008056,6.8407881187459,-0.7438781057378439
7.958607314841775,7.493255218603419,0.4653520962383553
6.8124792791635365,7.398194215826939,-0.5857149366634022
9.349984047528162,6.303790080898913,3.0461939666292492
6.886056647693163,7.280740869506414,-0.39468422181325113
4.0,4.83810055863428,-0.83810055863428
6.619788758288394,6.68858983890481,-0.06880108061641632
6.214670164989233,5.740772683691819,0.4738974812974135
8.221848749616356,7.144611865307748,1.0772368843086078
7.279014255846262,6.835030144221521,0.44398411162474094
7.686132779630847,7.6735693260123785,0.012563453618468223
8.301029995663981,7.822980489230405,0.47804950643357635
7.886056647693163,7.217151354313526,0.6689052933796367
4.629116983222395,5.282358097927709,-0.6532411147053141
9.102372908709558,9.188041028740624,-0.08566812003106605
8.698970004336019,7.085766882663369,1.6132031216726501
9.221848749616356,7.4375830457335415,1.7842657038828147
6.359518563029578,5.945719152761574,0.4137994102680045
6.957345746832207,7.40864245808368,-0.45129671125147297
9.397940008672036,8.063059807081396,1.3348802015906394
7.649751981665837,6.979380263606063,0.6703717180597737
7.752026733638194,7.7399487636581945,0.012077969979999104
6.698970004336019,6.772550927985643,-0.0735809236496241
6.769551078621726,6.120167484289631,0.6493835943320949
8.96018944585165,7.350253787949384,1.6099356579022661
7.698970004336019,7.844291404423894,-0.14532140008787486
6.376750709602099,5.786356850802092,0.5903938588000068
7.886056647693163,7.626703146683469,0.2593535010096941
7.267606240177032,7.0195140768588855,0.24809216331814632
6.657577319177793,6.678816569774179,-0.021239250596385872
4.749336080536757,4.954653889442969,-0.20531780890621132
8.795880017344075,7.814880456149982,0.9809995611940927
4.525346746637937,4.70865318785231,-0.18330644121437256
8.397940008672037,7.983295785027306,0.4146442236447312
8.397940008672037,8.024760789054406,0.3731792196176311
5.327348077159998,7.395371450337593,-2.0680233731775948
7.161150909262744,6.858657774782991,0.3024931344797537
5.619788758288394,6.148933590991436,-0.5291448327030421
6.698970004336019,6.136801557601429,0.5621684467345895
9.36001575195841,7.733263750027917,1.6267520019304937
6.486782399932061,6.993293086148737,-0.5065106862166759
7.920818753952375,7.233170056289719,0.6876486976626559
6.224025668870631,7.14085938452469,-0.9168337156540591
5.657577319177794,7.384535916736213,-1.7269585975584185
8.958607314841775,7.429877065916709,1.5287302489250658
5.795880017344075,5.868776090720676,-0.07289607337660087
6.841637507904751,6.681381725850989,0.16025578205376156
7.823908740944319,7.5110430749543635,0.31286566598995513
6.193820026016113,5.464663977594977,0.7291560484211361
6.301029995663981,4.53208058556,1.768949410103981
6.698970004336019,7.056457322046324,-0.35748731771030506
5.6020599913279625,6.035104485769298,-0.43304449444133564
7.102372908709559,6.794889969379082,0.30748293933047677
6.334419008982048,6.914706196955258,-0.5802871879732105
5.050609993355088,7.211880008978479,-2.1612700156233915
9.154901959985745,7.584234714692246,1.5706672452934987
7.229147988357855,6.65197566487378,0.5771723234840751
9.154901959985745,7.641324067749099,1.513577892236646
5.0,4.825284595983872,0.17471540401612806
8.366531544420413,7.9256054760788,0.4409260683416125
5.115204636051019,6.36752796204518,-1.252323325994161
5.202732459169283,5.226863085315346,-0.02413062614606254
4.6679657229724825,4.752426059066734,-0.08446033609425196
6.301029995663981,6.473742393692609,-0.1727123980286276
7.991399828238083,7.284544696075625,0.7068551321624579
8.698970004336019,7.604537246702629,1.09443275763339
7.67778070526608,8.108645343146154,-0.4308646378800747
8.113509274827518,6.738967109111979,1.374542165715539
7.113509274827518,6.971508370184656,0.14200090464286141
6.309803919971486,7.073992684498282,-0.7641887645267955
5.043351420794798,5.272648217541308,-0.22929679674651027
5.896196279044043,5.3832957740338285,0.5129005050102142
9.292429823902063,8.910755658834397,0.3816741650676665
3.221848749616357,3.3653163202562104,-0.14346757063985338
7.154901959985743,5.783983764326297,1.3709181956594465
5.187086643357145,6.021626998478731,-0.834540355121586
7.214670164989233,7.472939709270134,-0.25826954428090154
6.251811972993799,6.023035760173578,0.22877621282022176
8.853871964321762,8.326277355463455,0.5275946088583066
9.920818753952377,9.757168534231587,0.16365021972078964
5.40340290437354,5.450892248285629,-0.0474893439120887
6.985479461242077,7.4229679696331745,-0.4374885083910973
5.151810883008602,6.015607123212578,-0.8637962402039765
4.46495918674884,5.034616605890405,-0.5696574191415653
6.207608310501746,5.600886133896163,0.606722176605583
8.309803919971486,7.55388306201253,0.755920857958956
5.017683530307935,8.505111272544076,-3.4874277422361404
4.319664486585437,5.618092728302063,-1.2984282417166257
7.728158393463501,6.923820303363064,0.8043380901004378
7.412289034981089,6.600693020746503,0.8115960142345857
9.036212172654444,7.588788254257334,1.44742391839711
4.80799040734633,4.854977423600255,-0.046987016253924985
8.698970004336019,7.968947824908383,0.7300221794276354
9.045757490560677,8.056600275302358,0.9891572152583183
4.0,4.485619463600698,-0.4856194636006981
7.0,6.792448514521039,0.20755148547896063
9.013228265733757,7.571065125610256,1.4421631401235002
7.721246399047171,7.428087210951037,0.2931591880961344
9.019996628416251,7.655746142225282,1.3642504861909694
6.35261702988538,6.919009321277818,-0.5663922913924377
7.255707016877324,7.975061908501921,-0.7193548916245973
6.939302159646388,7.592070600358594,-0.6527684407122054
6.909389292171594,7.882011399999524,-0.97262210782793
5.027797161620936,5.613741791690656,-0.5859446300697204
8.008773924307505,7.622789479307156,0.3859844450003491
6.161150909262745,6.886855420694355,-0.7257045114316094
7.698970004336019,7.355454482251661,0.343515522084358
8.468521082957745,6.957620989211938,1.510900093745807
8.823908740944319,8.240482167164982,0.5834265737793363
8.113509274827518,8.03300092699968,0.08050834782783767
9.3767507096021,8.463603177515067,0.9131475320870326
4.950007143079858,6.962732685730773,-2.012725542650916
5.229147988357856,5.142948633850891,0.08619935450696481
6.431798275933005,5.86296212641929,0.5688361495137153
9.82390874094432,6.586064747382802,3.237843993561518
8.397940008672037,7.3809522752857815,1.016987733386256
8.142667503568731,7.571398990427346,0.5712685131413853
6.73754891026957,6.786404865035862,-0.048855954766291454
5.657577319177794,6.36419374612311,-0.7066164269453159
8.193820026016112,6.50286965805287,1.690950367963242
5.068542129310995,5.2777676678556995,-0.20922553854470483
6.568636235841012,7.1050725776375705,-0.5364363417965583
4.641113795594131,6.429845209241299,-1.7887314136471684
5.769551078621726,6.345771720654304,-0.5762206420325784
5.226945306635738,5.004614143796215,0.2223311628395228
7.346787486224656,7.698293825950084,-0.3515063397254279
6.031050319018657,6.6768319849515505,-0.6457816659328932
7.795880017344075,8.04594773023685,-0.2500677128927755
5.211124884224583,5.90701913046575,-0.695894246241167
7.309803919971486,7.425688112487304,-0.11588419251581783
4.8198741248359465,5.913352870935946,-1.0934787460999997
5.8696662315049934,6.68813977966799,-0.8184735481629968
6.958607314841775,5.586251835685121,1.3723554791566537
5.309803919971486,8.021926797336274,-2.712122877364788
8.744727494896694,7.717399665691402,1.0273278292052916
6.690369832574102,6.248957517544218,0.44141231502988365
7.214670164989233,7.635552341511491,-0.4208821765222579
6.096910013008056,7.625222840882776,-1.5283128278747196
7.096910013008056,7.2525174544762505,-0.15560744146819427
5.6020599913279625,6.919510335899916,-1.3174503445719532
8.958607314841775,7.7953215554014665,1.163285759440308
7.301029995663981,6.109768255981893,1.191261739682088
8.91721462968355,7.951873327716347,0.9653413019672019
7.42021640338319,7.805937728923659,-0.38572132554046945
7.5638373529592435,7.4023285793687394,0.16150877359050408
8.823908740944319,7.53915405861159,1.2847546823327285
6.019996628416254,5.83332981288795,0.18666681552830422
8.721246399047171,7.889960067093825,0.8312863319533461
7.698970004336019,7.543219569530488,0.15575043480553052
6.443697499232712,7.147820331656333,-0.7041228324236206
9.161150909262744,7.439605082910451,1.7215458263522931
9.221848749616356,7.795867464817684,1.425981284798672
4.505149978319906,5.478138202947151,-0.9729882246272448
7.431798275933005,7.704563810481858,-0.2727655345488529
7.490125714995281,7.013396458655129,0.4767292563401515
5.2839966563652006,6.993320555683891,-1.70932389931869
5.128427064454122,6.676927180829006,-1.5485001163748837
6.94692155651658,6.978121512769835,-0.031199956253255223
7.0,6.175488560759217,0.8245114392407826
6.045757490560675,5.6575686311039615,0.38818885945671333
8.61996975203217,7.807115282401358,0.8128544696308113
3.7166987712964494,6.155004326364856,-2.4383055550684065
5.257274868695302,5.58807590773593,-0.33080103904062774
7.494850021680094,6.710384787600046,0.7844652340800478
5.494850021680094,6.8789790633079795,-1.3841290416278857
5.752026733638194,6.282812322265707,-0.5307855886275137
6.3979400086720375,7.318314961713536,-0.9203749530414989
9.10790539730952,7.336853094786244,1.771052302523275
5.318758762624412,5.740960507207267,-0.4222017445828543
7.075720713938119,7.090763397532079,-0.015042683593960327
5.408935392973501,6.23908492133319,-0.8301495283596889
8.187086643357144,7.998919976376682,0.1881666669804627
7.460046158343603,7.596559272243877,-0.13651311390027399
5.97061622231479,6.507810431110086,-0.5371942087952961
5.698970004336019,7.726967986648243,-2.0279979823122245
4.569119053547109,6.429845209241299,-1.8607261556941905
4.388276691992659,7.846390146139578,-3.458113454146919
4.947306058075033,4.780156601408319,0.16714945666671355
8.0,6.256512476625426,1.743487523374574
5.908213496006023,6.883402426879232,-0.9751889308732089
6.568636235841012,5.638671489104402,0.9299647467366103
8.207748428096735,7.499139015615351,0.7086094124813842
7.853871964321762,6.818224114710182,1.0356478496115802
9.55284196865778,8.681296691447868,0.871545277209913
9.0,7.166330053488257,1.8336699465117432
4.187086643357144,6.313937350448502,-2.126850707091358
6.42021640338319,6.602604396350046,-0.1823879929668557
5.060480747381382,7.996484766952136,-2.9360040195707544
6.721246399047171,7.590569872809805,-0.8693234737626341
5.661543506395395,4.986411947279766,0.6751315591156288
8.522878745280337,7.704027959423187,0.8188507858571503
5.10790539730952,6.185221220912529,-1.0773158236030085
5.950781977329819,5.559379114680737,0.3914028626490822
9.0100165416986,7.204823571375432,1.8051929703231675
8.647817481888637,7.8873797385328155,0.7604377433558218
7.801342913045578,7.319601771968078,0.48174114107749944
4.537602002101044,5.047240911139631,-0.5096389090385864
7.141462802430361,6.977096223492584,0.16436657893777706
7.154901959985743,7.474522296200971,-0.3196203362152277
8.3767507096021,7.067070857797928,1.3096798518041712
6.667561540084395,7.275238806679003,-0.6076772665946075
7.568636235841013,7.82225386249998,-0.2536176266589667
6.142667503568732,7.506599255897489,-1.3639317523287575
8.045757490560675,6.980251457144203,1.0655060334164714
6.244574910025939,7.025987180195079,-0.7814122701691399
7.311580177997289,6.759944505936029,0.5516356720612601
6.097290187030123,6.454360738442557,-0.35707055141243416
9.244125144327509,6.961928559798229,2.282196584529279
7.292429823902063,6.757863363995807,0.5345664599062561
7.091139826982724,6.77231125361347,0.3188285733692542
6.244887733604929,6.6090899644950944,-0.36420223089016535
6.552841968657781,7.247953393234261,-0.6951114245764805
5.161150909262745,5.666543294002317,-0.5053923847395714
6.7447274948966935,6.162201229980561,0.5825262649161322
8.116906641424311,5.796044225809454,2.320862415614857
8.397940008672037,7.119178783965725,1.2787612247063125
7.455931955649724,7.781154124925214,-0.32522216927548975
4.3448615651886175,5.148642392902278,-0.8037808277136609
6.224753740259764,6.290705291497989,-0.06595155123822494
8.886056647693163,7.844291404423894,1.0417652432692694
9.769551078621726,7.402224347949714,2.367326730672012
7.275724130399211,7.240821865005573,0.0349022653936375
8.698970004336019,5.828928239104946,2.870041765231073
7.395881993807965,7.431866649095587,-0.0359846552876224
6.346787486224656,7.010436654056442,-0.6636491678317862
4.990124366287841,4.965630424942876,0.0244939413449643
6.6020599913279625,6.8250084254118475,-0.22294843408388498
6.16241156176449,6.757863363995807,-0.5954518022313176
5.18309616062434,5.226863085315346,-0.04376692469100529
8.360214787013179,7.428799592285637,0.931415194727542
4.0,5.00559369398761,-1.0055936939876098
4.823908740944319,4.993062072073801,-0.1691533311294826
6.8996294548824375,7.683610871936294,-0.7839814170538562
8.096910013008056,7.028472980465923,1.0684370325421328
5.251811972993799,5.759868152533159,-0.5080561795393601
5.42712839779952,5.767310367884705,-0.3401819700851849
9.040958607678906,9.091290995634477,-0.05033238795557082
5.346999859889158,5.654241673331492,-0.30724181344233337
8.920818753952375,8.632007613911497,0.2888111400408775
8.089856038935487,7.183565010051195,0.9062910288842918
5.004364805402451,5.246000077649619,-0.24163527224716752
8.105130343254748,6.086848555235153,2.0182817880195953
5.169999984192582,7.107733886208633,-1.937733902016051
9.0,8.279710651326116,0.7202893486738837
5.243363891754152,5.696811345417459,-0.4534474536633075
4.589391457431633,4.988179226837544,-0.398787769405911
5.6020599913279625,5.438488868708662,0.16357112261930062
6.021819483062586,6.948127588478428,-0.926308105415842
8.220403508742175,7.947566956852907,0.2728365518892675
4.979224511806443,6.5892001150709,-1.6099756032644574
9.4089353929735,7.129596811594402,2.2793385813790987
6.42021640338319,6.350985633489372,0.06923076989381816
8.698970004336019,7.566341599177724,1.1326284051582949
8.259637310505756,7.290408939732012,0.9692283707737435
8.236572006437063,7.433429599976019,0.8031424064610437
8.221848749616356,7.665648814310963,0.5561999353053935
7.638272163982407,7.3385723081932905,0.2996998557891164
6.455931955649724,6.9995320399078285,-0.5436000842581041
7.759950227887352,4.697482636517791,3.0624675913695603
4.769551078621726,5.004512151509174,-0.23496107288744827
5.996539467890494,6.119810643446445,-0.12327117555595102
8.950781977329818,8.489904194364302,0.4608777829655164
5.6777807052660805,7.318314961713536,-1.6405342564474559
8.744727494896694,8.105895792102109,0.6388317027945849
5.790216985151485,6.428021124399228,-0.6378041392477432
5.795880017344075,6.2974956241926305,-0.5016156068485556
8.920818753952375,6.124196909309048,2.796621844643327
5.275724130399212,6.126688726328813,-0.850964595929601
6.742321425130816,6.29273969273737,0.44958173239344656
5.309803919971486,6.266955216284014,-0.9571512963125279
4.617442678091214,6.429845209241299,-1.8124025311500853
8.568636235841012,7.632127863993641,0.9365083718473715
7.356547323513813,7.817351609502335,-0.4608042859885222
5.251811972993799,6.051073555884316,-0.7992615828905167
6.980053318321158,7.3921251698915444,-0.4120718515703867
7.068542129310995,6.425279349324797,0.6432627799861974
6.823908740944319,7.048189261912302,-0.22428052096798368
4.978810700930063,5.664521092302581,-0.6857103913725187
5.6020599913279625,6.788294419287296,-1.1862344279593335
6.657577319177793,7.252560351348388,-0.5949830321705942
8.537602002101044,6.910207338293356,1.6273946638076886
5.202732459169283,5.347225098389502,-0.1444926392202186
4.34582345812204,4.773154676430927,-0.4273312183088871
10.154901959985745,7.529978281042372,2.6249236789433725
4.958607314841776,7.384535916736213,-2.4259286018944364
9.173925197299171,8.899558436142868,0.274366761156303
7.627087997029894,6.555228304620957,1.0718596924089363
6.024108863598208,7.693881869909988,-1.6697730063117797
8.387216143280265,7.923326493700058,0.4638896495802065
8.220403508742175,8.568374689424555,-0.3479711806823804
8.154901959985743,6.6331644490427255,1.5217375109430176
4.795880017344076,5.887837919918763,-1.0919579025746868
8.086186147616283,7.714621553212766,0.37156459440351686
8.327902142064282,6.98190353627756,1.345998605786722
6.991399828238083,6.3541049878940825,0.6372948403440004
5.0,6.3393261432731505,-1.3393261432731505
7.886056647693163,6.763485048346116,1.1225715993470473
5.659555885159882,5.700668882502759,-0.04111299734287677
4.943095148663528,4.720557924647948,0.2225372240155803
7.657577319177793,7.112085213386429,0.5454921057913644
6.954677021213342,7.673304538993537,-0.7186275177801944
4.975104039892515,7.086329778351086,-2.111225738458571
7.54821356447571,6.9114730411395495,0.6367405233361607
8.240256632402275,8.140098498697107,0.10015813370516824
7.638272163982407,7.644453195905839,-0.006181031923431668
4.73754891026957,5.55014871344178,-0.8125998031722101
8.259637310505756,7.698020682751223,0.5616166277545327
5.896196279044043,6.889727290571738,-0.9935310115276952
5.823908740944319,5.726991176118303,0.09691756482601566
6.339134521996131,6.086708906130916,0.2524256158652154
8.0,7.356861258793686,0.6431387412063136
5.291579099865288,6.303317364315833,-1.0117382644505453
7.29073003902417,7.677321407524101,-0.38659136849993114
7.917933065714887,6.548562048701972,1.3693710170129156
8.481486060122112,7.55316154366152,0.9283245164605924
5.481486060122113,5.398727190352926,0.08275886976918656
6.779891911959945,7.61816512585493,-0.8382732138949853
4.480172006224281,5.971080500699217,-1.4909084944749358
4.620132710919122,4.916698627713839,-0.29656591679471767
7.173925197299174,6.568556759200229,0.605368438098945
8.508638306165727,6.5859652695072795,1.9226730366584475
8.167491087293763,7.557156240146537,0.6103348471472261
7.853871964321762,7.460528750128186,0.39334321419357554
8.769551078621726,6.775340887787618,1.9942101908341083
8.924453038607469,7.781488579700085,1.1429644589073842
6.0,5.840285613585005,0.15971438641499525
6.30189945437661,5.914556014400582,0.3873434399760276
8.819874124835946,7.990306209328105,0.829567915507841
10.0,8.90093735207704,1.0990626479229597
5.982966660701219,7.579490795349616,-1.596524134648397
9.920818753952377,9.716731690081984,0.20408706387039288
7.080921907623926,6.729779403479594,0.3511425041443319
7.698970004336019,7.007798820360834,0.6911711839751851
8.522878745280337,7.909812102197474,0.6130666430828633
4.936666641048251,5.453502087829386,-0.5168354467811351
4.266000713461613,5.495755218724653,-1.2297545052630392
5.080921907623926,5.116229532820064,-0.03530762519613795
7.721246399047171,6.809687778642139,0.9115586204050325
8.096910013008056,7.7205447795079225,0.37636523350013373
6.180456064458132,7.204025001921618,-1.0235689374634864
6.55129368009492,6.757480455327181,-0.20618677523226037
6.939302159646388,7.022322346853308,-0.08302018720691962
5.619788758288394,6.5957564430426405,-0.9759676847542469
7.060480747381382,7.22303061368201,-0.16254986630062795
6.920818753952375,7.773001859383563,-0.8521831054311884
10.0,8.831643712395634,1.1683562876043663
4.25469874696885,6.350890495421992,-2.0961917484531423
9.744727494896694,8.547680864339442,1.1970466305572511
8.474955192963154,7.294651234314122,1.1803039586490325
7.494850021680094,6.783637479503397,0.711212542176697
7.214670164989233,6.474794195692325,0.7398759692969081
9.327902142064282,7.844291404423894,1.4836107376403884
7.481486060122113,6.697481594670495,0.7840044654516181
5.657577319177794,5.199206048992032,0.4583712701857623
5.513003111568178,7.256256464727902,-1.7432533531597239
6.184422251675732,7.448348777062185,-1.2639265253864522
7.575118363368933,6.914503836730318,0.6606145266386152
6.943095148663527,8.239750797895365,-1.2966556492318375
8.522878745280337,8.516595140734708,0.006283604545629373
